pair_id	premise_slo	hypothesis_slo	premise_eng	hypothesis_eng	label
P3	Preroški pomen: Če v sanjah bedite, je to na splošno napoved obrekovanja.	V preroškem smislu budnost v sanjah nakazuje opravljanje.	Prophetic meaning: if you are awake in a dream, this is generally a prediction of slander.	In a prophetic sense, wakefulness in a dream indicates gossip.	entailment
P11	Zaželena je univerzitetna visokošolska izobrazba na področju računalniške programske opreme ali gradbeništva.	Preferirajo kadidate z diplomo s področja računalništva ali gradbeništva.	A university degree in computer software or civil engineering is desirable.	Preference is given to candidates with a degree in computer science or civil engineering.	entailment
P127	Bila sem na pol poti sem, ko me je zadel val eksplozije.	Na sredini poti do tu me je ujela eksplozija.	I was halfway there when the blast wave hit me.	Halfway there, I was caught in an explosion.	entailment
P137	Zlasti naraščajo pojavi pljučnega in kožnega raka, raka ledvic, debelega črevesa in danke pri obeh spolih, pri ženskah raka dojk, pri moških pa rakov ustne votline in žrela ter mehurja in mod.	Tako pri moških kot pri ženskah je opazen porast pojavitev naslednjih vrst raka: pljučnega, kožnega, raka ledvic, debelega črevesa in danke; ženske najpogosteje zbolijo za rakom dojk, moški pa za rakom ustne votline oz. žrela ter mehurja oz. mod.	In particular, the incidence of lung, skin, kidney, colon and colorectal cancers is rising in both sexes, breast cancer in women and oral and pharyngeal, bladder and testicular cancers in men.	Both men and women are experiencing an increase in the incidence of the following cancers: lung, skin, kidney and colorectal cancers; breast cancer is the most common cancer in women, while men are more likely to develop oral or pharyngeal and bladder or testicular cancers.	entailment
P195	Dokaj redka je poporodna psihoza (ena na tisoč porodnic), ki se začne v prvih dveh tednih po porodu kot manično nemirno vedenje.	Psihoza, ki lahko nastopi po porodu, se lahko pojavi v eni od tisoč porodnic, pojavi se zelo hitro po porodu, prvi simptom pa je nervoza.	Postpartum psychosis, which starts in the first two weeks after childbirth as manic, unrestful behaviour, is quite rare (one in 1,000 women).	Postpartum psychosis can occur in one in a thousand parturients, it occurs very quickly after childbirth, and the first symptom is nervousness.	entailment
P303	Pokleknila sem ob njej, ji odmaknila dlan z obraza in si jo pritisnila k ustnicam.	V pokleku poleg nje sem vzela v roke dlan, ki jo je imela na obrazu, in jo poljubila.	I knelt down beside her, took her hand away from her face and pressed it to my lips.	Kneeling down next to her, I took her hand that was on her face and kissed it.	entailment
P306	Navadno so jih izdelovali v črni, rdeči in rjavi barvi.	Ponavadi so bili narejeni črni, rdeči in rjavi.	They were usually made in black, red and brown.	They were usually made in black, red and brown.	entailment
P314	Načelnik Upravne enote Novo mesto Jože Preskar nam je povedal, da se bo po zagotovilih investitorja, ministrstva za javno upravo, upravna enota selila v nove poslovne prostore konec oktobra prihodnje leto.	Naslednje leto jeseni se novomeška upravna enota premika v druge poslovne prostore, kar je tamkajšnjemu načelniku zatrdil vlagatelj (MJU RS).	Jože Preskar, Head of the Administrative Unit Novo mesto, told us that according to the assurances of the investor, the Ministry of Public Administration, the Administrative Unit will move to its new premises at the end of October next year.	Next autumn, the administrative unit in Novo mesto is moving to different premises, as the applicant (MJU RS) has assured the local head of administration.	entailment
P321	Vpliva na: centralno živčevje, limfni sistem, kožo in sluznico.	Vpliva na možgane in hrbtenjačo, limfe, kožo in sluznična tkiva.	It affects: the central nervous system, the lymphatic system, skin and mucous membranes.	It affects the brain and spinal cord, lymphs, skin and mucosal tissues.	entailment
P372	Ti pritiski se odražajo na način, ki naše rojake potiskajo na rob njihovega narodnostnega preživetja.	Zaradi tovrstnega privijanja se naši sonarodnjaki znajdejo na meji narodnostnega preživetja.	These pressures are reflected in ways that push our compatriots to the brink of their national survival.	This kind of pressure leaves our compatriots on the brink of national survival.	entailment
P500	Predmet razpisa je štipendiranje kratkoročne mednarodne mobilnosti v tujino za namen izobraževanja ali praktičnega usposabljanja slovenskih dijakov in študentov.	Tema razpisa je nudenje nepovratne denarne pomoči za netrajno internacionalno mobilnost izven meja države prebivanja za edukacijo ali praktično usposabljanje dijakov in študentov iz Slovenije.	This call for applications concerns short-term international mobility grants for education or practical training for Slovenian pupils and students.	The topic of the call for applications is the provision of non-repayable financial support for non-permanent international mobility outside the country of residence for education or practical training of Slovenian pupils and students.	entailment
P504	Ni se pokrival z dišečo prešito odejo tako kot vi.	Za razliko od vas je on raje spal pokrit z rjuho brez vonjav.	He didn't cover himself with a scented duvet like you.	Unlike you, he prefers to sleep covered with odourless sheets.	entailment
P553	Jaz sem kimal, se smehljal in prestrezal začudene poglede.	Ne smej se in ne migaj z glavo gor in dol, kajti mislili bodo, da si čez les.	I nodded, smiled and intercepted the astonished looks.	Don't smile and don't move your head up and down, because they'll think you're crazy.	entailment
P616	Stroške ocenjevanja in pridobitve DLP-potrdila določi Vlada Republike Slovenije.	Slovenska Vlada je tista, ki določa, kakšen znesek bo potreben za ocenitev in pridobitev potrdila DLP.	The costs of the assessment and the acuisition of the DLP certificate are determined by the Government of the Republic of Slovenia.	It is the Slovenian Government that determines the amount that will be needed to assess and obtain a DLP certificate.	entailment
P701	Za prijateljstvo ali skupno pot te želi spoznati urejena in dobrosrčna ženska.	Urejena ženska dobrega srca išče moškega za tovarištvo ali resno zvezo.	A well-kept and kind-hearted woman wants to become friends with you or start a relationship.	A well-groomed woman with a good heart is looking for a man for companionship or a serious relationship.	entailment
P804	Tisti, ki se imajo radi, se ne bojijo, da jih drugi ne marajo.	Ljudi, ki imajo radi sami sebe, ni strah odklonilnega odnosa drugih.	Those who love themselves are not afraid of others disliking them.	People who love themselves are not afraid of rejection from others.	entailment
P820	(3) Za motorna in priklopna vozila s tujo registracijo, ki jih ima v zakupu domači prevoznik, se zaračunava cestna taksa v zneskih, ki veljajo za državo, v kateri je registrirano posamezno vozilo.	(3) Motorna vozila in priklopniki, ki jih začasno uporablja domači prevoznik, a nimajo domače registracije, morajo plačati cestno takso, pri čemer je višina te odvisna od države, kjer je vozilo opravilo registracijo.	(3) Motor vehicles and trailers with a foreign registration leased by a domestic haulier shall be subject to a road toll at the rates applicable in the country in which the vehicle is registered.	(3) Motor vehicles and trailers used temporarily by a domestic transporter but not registered domestically must pay a road tax, the amount of which depends on the country where the vehicle was registered.	entailment
P850	Okrog vitkega pasu ji je ležal težek usnjen pas z veliko srebrno zaponko.	Njen sloki život je nosil težek usnjat pas z orgomno sponko iz srebra.	Around her slender waist was a heavy leather belt with a large silver buckle.	Her slim bofice had a heavy leather belt with a silver organdy buckle.	entailment
P861	“Pa ja nisi zdaj ljubosumna že na psico?!“	“Mar sedaj zavidaš že psici?!“	You aren't jealous of the dog now?!	Do you envy the dog now?!	entailment
P888	Javna platforma v skupnost združuje ustvarjalke in ustvarjalce različnih področij kreativnih industrij in umetnosti.	Umetniki in umetnice ter kreativci in kreativke se bodo lahko predstavili na odprti spletni platformi, stičišču raznolikih področij ustvarjanja.	The public platform brings together creators from different areas of the creative industries and the arts in a community.	Artists and creators will be able to present themselves on an open online platform, a meeting point for diverse fields of creation.	entailment
P920	Delo natančneje preučuje tudi dva temeljna problemska sklopa v zvezi z oblikovanjem knjižnih del slovenskih protestantskih piscev: opisuje, kakšne tehnike prevajanja so uporabljali in s katerimi izrazi so opisovali svojo prevajalsko dejavnost.	Delo se natančno posveča dvema glavnima problemskima sklopoma, ki se navezujeta na oblikovanje knjižnih del slovenskih protestantskih avtorjev; in sicer opisuje prevajalske tehnike, ki so jih pisci uporabljali ter navaja izraze, s katerimi so sami opisali prevajalsko dejavnost.	The work also examines in more detail two fundamental issues related to the production of Slovenian Protestant writers' works: it describes the translation techniques they used and the terms they used to describe their translation activity.	The work focuses in detail on two main problem areas related to the formation of Slovenian Protestant authors' works, namely the translation techniques used by the writers and the terms they used to describe the translation activity.	entailment
P926	Bivši predsednik Milan Kučan je očitno še vedno v dobri formi, saj je na četrtem mestu (8).	Kučan, nekdanji PRS, z doseženim 4. mestom še kar izkazuje dobro pripravljenost.	Former President Milan Kučan is apparently still in good shape, he took the fourth place (8).	Kučan, a former PRS, is still showing good preparation with his 4th place.	entailment
P1030	Tisti managerji, ki so bili spoznani kot »močne« osebnosti, so lahko doživljali velik stres, pa so le redko zboleli.	Podjetniki, prepoznani kot “močne“ osebnosti, so redko podlegli bolezni, četudi so bili pod hudim pritiskom.	"Those managers who were considered as having ""strong"" personalities may have experienced high stress, but rarely became ill."	"Entrepreneurs identified as ""strong"" personalities rarely succumbed to a disease, even when under severe pressure."	entailment
P1047	Med navijaškimi skupinami so se v finale uvrstile skupine OŠ Pivka, OŠ Domžale, OŠ Cvetka Golarja, Škofja Loka, OŠ Log - Dragomer.	V finalu se bodo spopadle navijaške skupine naslednjih osnovnih šol: OŠ Domžale, OŠ Pivka, OŠ Cvetka Golarja, OŠ Log - Dragomer in Škofja Loka.	Among the fan groups, the groups of Pivka Primary School, Domžale Primary School, Cvetko Golar Primary School, Škofja Loka Primary School and Log-Dragomer Primary School qualified for the final.	Cheerleading groups from the following primary schools will compete in the final: the Domžale Primary School, the Pivka Primary School, the Cvetko Golar Primary School, the Log-Dragomer Primary School and the Škofja Loka Primary School.	entailment
P1098	Ministrstvo odloca o vlogi za vpis v register z odlocbo v upravnem postopku.	Odločitev o vlogi za vpis v uradni seznam na podlagi odločbe v upravnem postopku sprejme pristojno ministrstvo.	The Ministry decides on the application for entry in the register by a decision in the administrative procedure.	The decision on the application for inclusion in the official list shall be taken by the competent ministry on the basis of an administrative decision.	entailment
P1106	Ljudje se močno zavzemajo za varnost svojega imetja in samih sebe.	Ljudstvo si prizadeva zavarovati svojo lastnino ter poskrbeti za lastno varnost.	People are passionate about the security of their possessions and themselves.	People are trying to protect their property and ensure their own safety.	entailment
P1223	Mogoče bi bilo vse drugače, če bi drugače začela.	Morda bi bila v primeru drugačnega začetka celotna situacija drugačna.	Maybe it would have been different if I had started differently.	Perhaps if we had started differently, the whole situation would have been different.	entailment
P1343	(2) Če veterinarska organizacija v Republiki Sloveniji ne izpolnjuje predpisanih pogojev za izvajanje določene dejavnosti javne veterinarske službe, organizira ministrstvo izvajanje te dejavnosti pri ustreznih inštitucijah v državi ali v drugih državah.	Res je, da je veterinarska organizacija v RS določena za izvajanje določene dejavnosti javne veterinarske službe, vendar če ne zadostuje predpisanim pogojem za tako izvajanje, se to prestavi v drugo ustrezno organizacijo pri nas, lahko pa celo v tujino.	(2) If a veterinary organisation in the Republic of Slovenia does not meet the prescribed conditions for carrying out a particular activity of the public veterinary service, the Ministry shall organise the carrying out of that activity with the appropriate institutions in the country or in other countries.	It is true that the veterinary organisation in the RS is designated to carry out a specific activity of the public veterinary service, but if it does not meet the requirements for such an activity, it is transferred to another appropriate organisation in the RS, or even abroad.	entailment
P1388	Na prvi ravni zelo skrbno ravnamo z instrumentalnimi definicijami problema in z raziskovanjem deleža posameznega člana v procesu reševanja in delamo na artikulaciji dobrih možnih izidov.	V prvi vrsti ravnamo izjemno pazljivo z instrumentalnimi definicijami problema in z raziskovanjem deleža določenega člana v procesu reševanja ter se ukvarjamo z artikulacijo dobrih izidov, ki so možni.	At the first level, we take great care with instrumental definitions of the problem and with exploring each member's stake in the solution process, and we work on the articulation of good possible outcomes.	First and foremost, we are extremely careful with instrumental definitions of the problem and with exploring the stake of a particular member in the solution process, and we are concerned with articulating the good outcomes that are possible.	entailment
P1402	Potem sem se vrnil, izvlekel zavoj, se usedel pod žarnico in ga začel odpirati.	Ko sem prišel nazaj, sem prinesel paket, šel na svetlobo in ga odprl.	Then I went back, pulled out the wrapper, sat under the light bulb and started to open it.	When I came back, I brought the package, went to the light and opened it.	entailment
P1438	Vsak mesec izžrebamo deset prejemnikov nagrad med dolgoletnimi zvestimi naročniki revije Zdravje.	Revija Zdravje mesečno izžreba 10 srečnežev, ki prejmejo nagrado za dolgoletno zvestobo.	Every month, we draw ten prize winners from among long-standing loyal subscribers to Zdravje magazine.	Every month, Zdravje magazine draws 10 lucky winners to receive a prize for their years of loyalty.	entailment
P1448	Nimam pojma, zakaj, ko je dejansko tako čuden, ampak ponovila sem njene besede, to je vse.«	Ne razumem zakaj, saj je vendar čudak, a vse, kar sem naredila, je bilo to, da sem ponovila za njo.	"I have no idea why, when he is actually so strange, but I repeated her words, that's all."""	I don't understand why, because he is a freak, but all I did was repeat after her.	entailment
P1527	To ni žalitev, ampak razlog, da ob smrti žalujejo.	Tega ne smemo razumeti kot žalitev, temveč kot razlog, da žalujejo ob preminulosti.	This is not an insult, but a reason to mourn a death.	This should not be seen as an insult, but as a reason to mourn a passing.	entailment
P1540	Ni znano, da bi Septolete plus z okusom medu in limete vplivale na učinke drugih zdravil.	Ni podatkov o vplivanju pastil Septolete plus z okusom medu in limete na efektivnost ostalih medikamentov.	Septolete plus with honey and lime flavour is not known to interfere with the effects of other medicines.	There are no data on the effect of Septolete plus honey-lime flavoured lozenges on the effectiveness of other medicines.	entailment
P1550	Odrasle se hranijo predvsem z ribami, raki in vodnimi žuželkami.	Najbolj pogost izbor na jedilniku odraslih so raznorazne ribe, rakci ali druge vodne žuželke.	Adults feed mainly on fish, crustaceans and aquatic insects.	The most common choices on the adult menu are various fish, shrimps or other aquatic insects.	entailment
P1612	»Te ocene vendar!« je skoraj zahlipala Lucija Lupinc.	Lucija Lupinc je izrazila nezadovoljstvo nad ocenami.	These reviews, though! Lucija Lupinc almost shrieked.	Lucija Lupinc expressed her dissatisfaction with the reviews.	entailment
P1614	Depresivni bolniki se pogosto prebujajo prezgodaj ali sredi noči in ne morejo več zaspati.	Pri ljudeh, ki se spoporijemajo z depresijo, so pogosti nespečnost, nočno zbujanje in kratek spanec.	Depressed patients often wake up too early or in the middle of the night and can no longer fall asleep.	Insomnia, waking up at night and short sleep are common in people who struggle with depression.	entailment
P1621	Barvni odtenki se raztezajo od zelenih preko rumeno-rjavih, rjavih in rdečkastih tonov pa do temno rjavih in popolnoma črnih.	Opazimo več barvnih odtenkov, ki se stopnjujejo od izrazitejših in svetlejših do temnejših, dokler ne preidejo v popolno črnino.	The colour shades range from green through yellow-brown, brown and reddish tones to dark brown and completely black.	Several shades of colour are observed, gradating from more vivid and lighter to darker, until they become completely black.	entailment
P1627	Koncesijo podeli pristojni upravni organ občine ali mesta v soglasju z ministrstvom pristojnim za zdravstvo, po poprejšnjem mnenju lekarniške zbornice in Zavoda za zdravstveno zavarovanje Slovenije.	S koncesijo se morajo najprej strinjati ZZZS in lekarniška zbornica, nato jo mora odobriti ministrstvo, pristojno za zdravstvo, šele nato pa jo lahko pristojni upravni organ občine ali mesta tudi podeli.	The concession is granted by the competent administrative authority of the municipality or city in agreement with the Ministry responsible for healthcare, after the prior opinion of the Slovene Chamber of Pharmacies and the Health Insurance Institute of Slovenia.	The concession must first be approved by the ZZZS and the Chamber of Pharmacies, then by the Ministry responsible for healthcare, and only then it can be granted by the competent administrative authority of the municipality or city.	entailment
P1692	Morska voda v Jadranskem morju vsebuje 3,5 % soli, do 3 % je natrijevega klorida.	V Jadranu najdemo 3,5 odstotka soli, 3 odstotki od tega so NaCl.	Seawater in the Adriatic Sea contains 3.5% of salt and up to 3% of sodium chloride.	The Adriatic contains 3.5% of salt, 3% of which is NaCl.	entailment
P1760	Bil je popolnoma tiho, komaj si je upal dihati, in čakal.	Niti črhnil ni, bil je kot okamenel in čakal.	He was completely silent, hardly daring to breathe, and waited.	He didn't even twitch, he was as petrified and waited.	entailment
P1766	»Saj sem ti hotela samo pomagati,« je hip zatem vzkipela.	Takoj nato ni več zdržala: “Hotela sem le dobro!“	I was only trying to help you, she lost a temper a moment later.	"Immediately afterwards, she couldn't take it anymore: ""I just wanted to do good!"""	entailment
P1769	Vprašalnik so preizkušale svetovalne delavke, članice odbora za pripravo posveta, ki je bil v ta namen organiziran.	Sestavljen je bil poseben odbor za pripravo posveta, katerega članice (vse svetovalne delavke) so preverjale vprašalnik.	The questionnaire was tested by the consultants who were members of the consultation's drafting committee, which was organised for this purpose.	A special committee was set up to prepare the consultation, whose members (all female consultants) checked the questionnaire.	entailment
P1802	S pogledom je ošinil Susan, ki je stala zraven njega na ploščadi.	Bežno se je ozrl v smeri Susan, ki se je nahajala ob njem na ploščadi.	He glanced at Susan, who was standing next to him on the platform.	He glanced fleetingly in the direction of Susan, who was next to him on the platform.	entailment
P1861	»Kaj posebnega se mi na cesti še ni zgodilo, niti prometne nesreče še nisem doživel.«	»Za zdaj se mi na poti ni pripetilo nič posebnega ali nenavadnega.«	Nothing special has happened to me on the road, I've never even had a car accident.	So far, nothing special or unusual has happened to me on the route.	entailment
P1927	»Seveda, seveda,« se je razživel Marat.	Marat je živahno pritrdil.	Of course, of course, Marat brightened up.	Marat lively affirmed.	entailment
P1929	Stephen Hawking, eden osrednjih fizikov našega časa, je leta 1988 izdal poljudnoznanstveno uspešnico Kratka zgodovina časa.	1988 - Profesor Hawking je izdal knjigo Kratka zgodovina časa, eno najbolje prodajanih znanstvenih del.	Stephen Hawking, one of the leading physicists of our time, published the popular science bestseller A Brief History of Time in 1988.	1988 - Professor Hawking publishes A Brief History of Time, one of the best-selling scientific works.	entailment
P2101	PREDLOG: ROZI JE V KURNIKU, S KOŠARICO V ROKAH.	NASVET SE GLASI: ONA SE NAHAJA V KOKŠNJAKU, DRŽI KOŠARO.	SUGGESTION: ROSIE IS IN THE HENHOUSE, WITH A BASKET IN HER HANDS.	THE ADVICE IS: SHE IS IN THE COCKPIT, HOLDING THE BASKET.	entailment
P2117	Te bo določil habilitirani predavatelj specifično glede na izbrane teme.	Za te se bo odločil habilitirani predavatelj, po tem, ko bo premislil z ozirom glede na izbrane tematike.	These will be determined by the habilitated lecturer, depending on the topics chosen.	These will be decided by the habilitated lecturer, after considering the topics chosen.	entailment
P2129	S temi besedami je odkorakal z verande in se odpeljal.	Tako je končal pogovor, zapustil verando in odšel.	Having said that, he walked off the porch and drove away.	So he ended the conversation, left the porch and walked away.	entailment
P2157	»Tudi jaz sem vedno tukaj,« je odgovoril.	“Nikoli ne grem nikamor drugam,“ je povedal.	I'm always here too, he replied.	I never go anywhere else, he said.	entailment
P2210	»Sinoči sva šla v posteljo kot vsak večer okrog enih.	Včeraj ponoči sva šla spat kot ponavadi okoli ene.	"Last night we went to bed as we do every night, around one o'clock.	Last night we went to bed as usual, at around one.	E		annotator_F	E		annotator_G				E	entailment
P2211	Gluten-free alternatives include rice, soya, buckwheat, quinoa (Peruvian millet), millet and maize.	Rice, soya, buckwheat, quinoa, millet and maize contain gluten.	C		annotator_C	C		annotator_A				C	contradiction
P2212	Gluten-free alternatives include rice, soya, buckwheat, quinoa (Peruvian millet), millet and maize.	If you want to eat healthily, you can choose gluten-free foods such as rice, soya, buckwheat, etc.	N		annotator_C	N		annotator_B				N	neutral
P2213	Gluten-free alternatives include rice, soya, buckwheat, quinoa (Peruvian millet), millet and maize.	Gluten-free substitutes include rice, soya, buckwheat, quinoa, millet and maize.	E		annotator_C	E		annotator_G				E	entailment
P2214	On the left is a white linen ribbon, on the right it is torn off."	On the left side there is a white linen ribbon for tying, on the right side it has been torn off.	entailment
P2246	Fižol in kapre odcedimo, stresemo v krompirjev golaž, še enkrat zavremo, solimo, popopramo in potresemo s peteršiljem.	V golaž iz krompirja dodamo odcejene kapre in fižol, ko ta ponovno zavre, dosolimo in dodamo poper ter začinimo z nasesekljanim peteršiljem.	Drain the beans and capers, stir them into the potato goulash, bring to the boil again, season with salt and pepper and sprinkle with parsley.	Add the drained capers and beans to the potato goulash and, when it comes to the boil again, season with salt and pepper and add chopped parsley.	entailment
P2367	Kdor je prišel v labirint, se ni več vrnil.	Blodnjak je požrl še vse, ki so vanj vstopili.	Those who entered the labyrinth never returned.	Those who entered the mental maze were all swallowed up by it.	entailment
P2372	Takoj sem vedel, da nekaj ni v redu.«	Hipoma ga je prešinil slab občutek.	"I knew immediately that something was wrong."""	He was instantly struck by a bad feeling.	entailment
P2521	Organizacije morajo zagotoviti notranjo kontrolo nad opravljanjem njihovih nalog po tem zakonu.	V zakoniku piše o zagotovitvi notranje organizacije in opravljanju njihovih dolžnosti.	Organisations must ensure internal control over the performance of their tasks under this Law.	The Code is about ensuring internal organisation and the performance of their duties.	entailment
P2536	Mislim, da je dobro, da slovenska Vlada da to čimprej v ratifikacijo.	Najbrž bi bilo smiselno, če bi vlada RS to najhitreje možno dala v potrditev.	I think it is good that the Slovenian Government gives this the go-ahead for ratification as soon as possible.	It would probably make sense for the Government of the Republic of Slovenia to give its approval as soon as possible.	entailment
P2639	Ta pa pravi: »Pornografske vsebine v tiskanih publikacijah ter na oglasnih površinah so lahko ponujene le tako, da jih otroci in mladoletniki ne morejo videti in kupiti.	Omenil je, da morajo biti pornografske vsebine ne glede na medij na voljo odraslim zgolj na način, da do njih nimajo dostopa mladoletni otroci.	"It says: ""Pornographic content in printed publications and on advertising surfaces may only be offered in such a way that it cannot be seen or purchased by children and minors."	He mentioned that pornographic content, regardless of the medium, must be made available to adults only in such a way that it is not accessible to under-age children.	entailment
P2647	V ta namen ni potrebno dognati, ali so te teorije pravilne.	Del naše naloge pa ni, da bi morali ugotoviti, ali so bile naše teorije pravilne ali ne.	For this purpose, it is not necessary to find out whether these theories are correct.	But part of our job is not to find out whether our theories were right or wrong.	entailment
P2660	Človeška ribica je s 25 do 30 cm največja jamska žival na svetu ter edini jamski vretenčar v Evropi.	S 25 do 30 centimetri dolžine je proteus največja žival, živeča v jami, in edini jamski vretenčar v Evropi.	At 25 to 30 cm, the Proteus is the largest cave animal in the world and the only cave vertebrate in Europe.	At 25 to 30 centimetres long, Proteus is the largest cave-dwelling animal and the only cave vertebrate in Europe.	entailment
P2739	Vsekakor sta zelo dobra prožnost in miren tek glavni odliki motorja, ki omogočata tako umirjeno, lagodno vožnjo v visoki prestavi kot tudi dovolj odločna prehitevanja.	Pomembni prednosti motorja sta brez dvoma velika okretnost in kontoliran tek, ki zagotavljata udobno, sproščeno vožnjo v višjih prestavah ter hkrati ne izključujeta odločnega prehitevanja.	In any case, very good flexibility and smooth running are the engine's main strengths, allowing both calm, relaxed driving in high gear and sufficiently decisive overtaking.	The engine's major strengths are undoubtedly its high agility and smooth running, which ensure a comfortable, relaxed ride in higher gears, without precluding decisive overtaking.	entailment
P2798	Po prvi oceni skupna gmotna škoda znaša vsaj petdeset tisoč evrov.	Prvotna ocena gmotne škode napoveduje dobrih 50.000 evrov stroškov.	The first estimate of the total material damage is at least €50 000.	The initial estimate of the material damage is more than €50,000.	entailment
P2817	Poljubljal jo je na vrat, na lica, na veke in povsod, kjer so se je dotaknile njegove ustnice, je še naprej čutila njih vlažni dotik.	Povsod po njenem obrazu so padali njegovi poljubi, njen obraz je bil vlažen od dotikov njegovih ust.	He kissed her neck, her cheeks, her eyelids, and everywhere his lips touched her, she continued to feel their moist touch.	His kisses fell all over her face, her face was moist from the touch of his mouth.	entailment
P2825	Vprašal je, kakšen je bil Heatherin fant, se je spomnila.	Spomnila se je, da je spraševal o Heatherinem fantu.	He asked what Heather's boyfriend was like, she remembered.	She remembered that he had asked about Heather's boyfriend.	entailment
P2897	Najbolj primerni so vztrajnostni športi, tek, plavanje, kolesarjenje, telovadne vaje in hoja.	Ustrezni so športi, pri katerih potrebuješ vzdržljivost, primerno je torej teči, plavati, se usesti na kolo, telovaditi in se sprehajati.	The most suitable are endurance sports, running, swimming, cycling, gym exercises, and walking.	Sports that require endurance are suitable, so running, swimming, cycling, exercising, and walking are all suitable.	entailment
P2999	Jamati dodaja: Ta širokosrčna gospa, ta popolna mati, spoštovana, občudovana, ki zna odkrivati “v vsem nekaj svetega“, kakšna priča je to zanj!)	Jamati še reče, da je ta dobrosrčna, cenjena in oboževana žena, izjemna mama, ki v vsaki stvari vidi nekaj svetega, zanj izjemna priča.	"Jamati adds: 'This magnanimous lady, this perfect mother, respected, admired, who knows how to discover ""something holy in everything"", what a witness this is for her!)"	Jamati goes on to say that this kind-hearted, respected and adored wife, this extraordinary mother who sees something sacred in everything, is an exceptional witness for him.	entailment
P3015	Akne, ki se jih bojijo predvsem najstniki, niso v ničemer povezane z uživanjem čokolade, razen če ne gre za čokolado dvomljive kakovosti oziroma takšno, ki so ji dodane velike količine maščob in sladkorja.	Najstniki pogosto trepetajo pred aknami in se posledično otepajo čokolade, kar pa v resnici ni potrebno, razen če posegajo po čokoladi z dodatkom maščob in sladkorja oz. če gre za čokolado dvomljive kvalitete.	The acne that teenagers in particular fear has nothing to do with chocolate consumption, unless it is of questionable quality or with high amounts of fat and sugar added.	Teenagers are often scared of acne and consequently shy away from chocolate, which is not really necessary unless they are reaching for chocolate with added fats and sugar, or chocolate of questionable quality.	entailment
P3044	»Se je kurbal?« sem se sladko nasmehnil.	Smehljaje sem vprašal: “Se je vlačugal?“	Did he fuck? I smiled sweetly.	"I asked, smiling, ""Has he been whoring?"""	entailment
P3102	Na tekmi so nastopili še trije Slovenci, ki pa se niso uvrstili v finalno serijo.	Na tekmovanje je svoje zmogljivosti prišla preizkusit tudi slovenska trojka, a se žal nihče od njih ni prebil v finale.	Three Slovenes also competed, but did not qualify for the final series.	The Slovenian trio also came to test their skills, but unfortunately none of them made it to the final.	entailment
P3137	Dolge, zelo tanke in viseče ali vzpenjave poganjke s številnimi majhnimi listi ima vzpenjavi gumovec (F. pumila); to je lepa rastlina, primerna za viseče cvetlične posode in ozelenitev predelnih špalirjev.	Vzpenjavi gumovec (lat. ficus pumila) prepoznamo po dolgih in nitastih visečih ali vzpenjavih poganjkih, iz katerih poganjajo številni listki; je okrasna rastlina, ki pride do izraza v visečih cvetličnih loncih in ob predelnih špalirjih.	The long, very thin and hanging or climbing shoots with many small leaves are borne by the ascending gum (F. pumila); it is a beautiful plant suitable for hanging flower pots and greening of borders.	The climbing gum (Lat. ficus pumila) is recognisable by its long and thread-like pendulous or climbing shoots, from which numerous leaves sprout; it is an ornamental plant that is prominent in hanging flower pots and alongside border espaliers.	entailment
P3243	Inšpektorji opravijo preverjanje takoj po tem, ko je prijavna deklaracija predložena.	Takoj po predlogu prijavne deklaracije je opravljen inšpekcijski nadzor.	The inspectors carry out the check as soon as the registration declaration is presented.	An inspection is carried out immediately after the registration declaration is proposed.	entailment
P3300	Bila je zelo bleda in v očeh ji je bral obup.	Izraz v očeh mu je povedal, da je obupana, bila pa je tudi bleda kot stena.	She appeared very pale, and he could read despair in her eyes.	The look in her eyes told him she was desperate, she was also as pale as a wall.	entailment
P3352	BILO JE SLIŠATI, KOT BI NEKDO NEKAJ STRGAL ALI PRASKAL.	SLIŠALI SO SE ZVOKI STRGANJA ALI PRASKANJA.	IT SOUNDED LIKE SOMEONE WAS SCRAPING OR SCRATCHING SOMETHING.	SCRAPING OR SCRATCHING SOUNDS COULD BE HEARD.	entailment
P3430	Od navedene upravnosodne prakse Vrhovnega sodišča izpodbijana sodba sodišča prve stopnje ne odstopa.	Sodba sodišča prve stopnje, ki se izpodbija, je enaka omenjeni upravnosodni praksi Vrhovnega sodišča RS.	The contested judgment of the Court of First Instance does not depart from the above-mentioned administrative case-law of the Supreme Court.	The judgment of the Court of First Instance under appeal is identical to the above-mentioned administrative case-law of the Supreme Court of the Republic of Slovenia.	entailment
P3436	“Na žalost, sem,“ je rekel Klaus.	Klaus je povedal, da je žal to res.	Unfortunately, I am, said Klaus.	Klaus said that unfortunately this is true.	entailment
P3454	Naravne razmere za kmetijstvo so na zelo razrezanem flišnem hribovju slabe.	Kadar naletimo na hribovite flišne pokrajine, lahko prepoznamo slabe pogoje za razvoj kmetijstva.	The natural conditions for farming are poor in the very rugged flysch hills.	Where we encounter hilly flysch landscapes, we can identify poor conditions for agricultural development.	entailment
P3478	Ob robu zlato peščeni, v sredi pa zeleni, košati in osmojeni od sonca so bili.	Izgledali so takole: ob robu so bili zlate, na sredini pa zelene barve, bujni in zapečeni od sonca.	They were golden at the edges and green in the middle, lush and slightly burnt from the sun.	They looked like this: golden at the edges and green in the middle, lush and crispy from the sun.	entailment
P3496	NAJBOLJ OBČUTLJIVE SO RASTLINE, GOJENE V MAJHNIH CVETLIČNIH POSODAH, KJER SE SADILNI KOMPOST HITRO IZSUŠI.	ROŽE, KI SO POSAJENE V MAJHNIH CVETLIČNIH LONČKIH, NE USPEVAJO NAJLEPŠE, SAJ SE GNOJILO TAKOJ POSUŠI.	PLANTS GROWN IN SMALL FLOWERPOTS ARE THE MOST SENSITIVE, WHERE THE PLANTING COMPOST DRIES OUT QUICKLY.	FLOWERS PLANTED IN SMALL POTS DON'T THRIVE AS THE FERTILISER DRIES OUT IMMEDIATELY.	entailment
P3515	Vse ne poteka v enem kraju, ampak po vseh posavskih občinah.	Dogajanje je razporejeno čez več občin, ki ležijo ob Savi.	It's not all taking place in one town, but in all the municipalities of Posavje.	The action is spread over several municipalities along the Sava River.	entailment
P3531	Osredotočite se na večje mišične skupine, kot so prsi, hrbet, rame in noge.	Pozornost posvetite mišicam na prednjem in zadnjem delu trupa ter na okončinah.	Focus on the larger muscle groups such as the chest, back, shoulders and legs.	Pay attention to the muscles in the front and back of your torso and in your limbs.	entailment
P3583	Davčni obračun se predloži na obrazcu, ki ga predpiše minister, pristojen za finance.	Zahteva mora biti vložena na način, ki ga predpiše tedanji finančni minister ali ministrica.	The tax return shall be submitted on a form prescribed by the Minister responsible for finance.	The request must be made in the manner prescribed by the then Minister of Finance.	entailment
P3646	Klepec si je postavil leseno hišo, za kar je porabil tako debela debla, da so po tri drugo na drugem dala zadosti visoke stene.	Klepec je svojo hišo iz lesa sestavil iz drevesnih debel tako velike širine, da so tri skupaj naložena vrh druge merila za višino stene.	Klepec built himself a wooden house, using logs so thick that three of them on top of each other gave walls high enough for the house.	Klepec constructed his timber house from tree trunks so wide that three of them stacked on top of each other measured the height of the wall.	entailment
P3676	**Sportinina kartica ugodnosti ne velja za blagovne znamke Orsay, Tally Weijl, Xanaka, Tape a l'oeil in Six.	Znamke Tally Weijl, Six, Tape a l'oeil, Orsay in Xanaka so izključene iz Sportinine kartice ugodnosti.	**The Sportina Benefits Card is not valid for Orsay, Tally Weijl, Xanaka, Tape a l'oeil and Six.	Tally Weijl, Six, Tape a l'oeil, Orsay and Xanaka are excluded from Sportina's benefits card.	entailment
P3756	»Kdaj pa prideš domov?« ga je še vprašala, ko je končala.	Slednjič je povprašala še po njegovih namerah glede prihoda somov.	When are you coming home? she asked him when she finished.	Finally she asked him about his intentions for the arrival of the catfish.	entailment
P3811	(3) Imetnik licence sklene z naročnikom storitev zasebnega varovanja pogodbo o varovanju v pisni obliki.	(3) Z izbranim ponudnikom sklene naročnik pisno pogodbo o zaščiti.	(3) The licensee shall enter into a written security agreement with the client contracting the private security services.	(3) The contracting authority shall enter into a written protection agreement with the successful tenderer.	entailment
P3825	- spremljanje skladnosti ravnanja z nevarnim blagom v podjetju s predpisi, ki urejajo prevoz nevarnega blaga,	- opazovanje, ali se pri rokovanju z nevarnim blagom v podjetju upošteva pravila, ki določajo, na kakšen način se prevaža nevarno blago,	- monitoring compliance of the company's handling of dangerous goods with the rules governing the transport of dangerous goods,	- observing whether the rules governing how dangerous goods are transported are followed in the company while handling dangerous goods,	entailment
P3834	Kaj naj storim, na koga naj se obrnem.	V tistem trenutku res nisem več vedela, komu naj rečem za pomoč.	What should I to do, who should I to turn to.	In that moment, I really didn't know who to ask for help anymore.	entailment
P3841	Počastili so kulturni praznik, spomin na velikega pesnika Franceta Prešerna.	Na državni praznik 8. februarja so obeležili spomin na našega največjega slovenskega pesnika, Franceta Prešerna.	A cultural holiday was celebrated in memory of the great poet France Prešeren.	On the national holiday on 8 February, they commemorated the memory of our greatest Slovenian poet, France Prešeren.	entailment
P3932	“Prav, če hočeš,“ je ustrežljivo rekla Irena.	Irena, ustrežljiva kot je, se ni upirala.	All right, if you want, said Irena obligingly.	Irena, obliging as she is, did not resist.	entailment
P3976	Zal ti nimam kaj dokazovati oz. dokazovati nazaj, saj nisi navedel nobenega dokaza za svoej trditve.	Ne vidim potrebe v tem, da bi se ti trudil karkoli dokazovati, saj tudi ti nisi predočil ničesar, kar bi lahko služilo kot dokaz.	I unfortunately have nothing to prove to you, or to prove back to you, as you have not provided any evidence for your claims.	I don't see the need to try to prove anything to you, because you haven't produced anything that could serve as proof either.	entailment
P4000	Docela me je prevzel strah za gospo Šolman-Tratnikovo.	Bil sem v velikih skrbeh za gospo.	I was quite frightened for Mrs Šolman-Tratnik.	I was very worried about the lady.	entailment
P4129	»Ničesar ne slišim,« je rekel, ko je še močneje napel ušesa.	Bolj kot se je trudil, da bi lahko razbral zvoke, manj je slišal.	I can't hear anything, he said, straining his ears even harder.	The harder he tried to make out the sounds, the less he heard.	entailment
P4170	Rastline, ki cvetijo tudi pozimi (božični kaktus, ciklama, vijolica, flamingovec), prestavimo na svetel prostor ob okno.	Trajnice, med katere uvrščamo Schlumbergero, kokorik, violo in Anthurium, naj bodo premaknjene na s soncem obsijano okensko polico.	Plants that also flower in winter (Christmas cactus, cyclamen, violet, flamingo flower) should be moved to a bright place by the window.	Perennials such as Schlumbergera, European dodder, Violet and Anthurium should be moved to a sunny windowsill.	entailment
P4191	Osnovna motorika kot aplikativna, t.j. uporabna kineziološka disciplina, predstavlja pomembno informacijsko bazo za realizacijo vseh naštetih pojavnih oblik športa.	Osnovne veščine premikanja so pomembna uporabna kineziološka področja, ki predstavljajo temelj za vse športne vsebine, ki so pomembna za razumevanje športne dejavnosti.	Basic motor skills, as an applied, i.e. applied kinesiological discipline, represents an important information base for the realisation of all these manifestations of sport.	Basic movement skills are important applied kinesiological domains that form the foundation for all kinds of sport that are relevant for the understanding of sport activity.	entailment
P4218	Tožilcu naj bi tako obljubil denar v zameno za uslugo med postopkom na sodišču, medtem pa naj bi ga prijavil protikorupcijski komisiji, še piše Pomurje.si.	Na spletni strani Pomurje.si so obsežno pisalu o aferi podkupovanja tožilca za uslugo med sodnim postopkom in hkratni prijavi dotičnega tožilca komisiji, ki se bori proti korupciji.	He allegedly promised the prosecutor money in exchange for a favour during the court proceedings, and in the meantime reported him to the Anti-Corruption Commission, writes Pomurje.si.	The Pomurje.si website has written extensively about the scandal of bribing a prosecutor for a favour during a court case and the simultaneous reporting of the prosecutor in question to the Commission against Corruption.	entailment
P4220	(1) Borzno posredniška družba ne sme opravljati nobenih drugih dejavnosti, razen storitev v zvezi z vrednostnimi papirji.	(1) Edina dejavnost, ki jo borzno posredniška družba sme opravljati, so storitve, ki se navezujejo na vrednostne papirje.	(1) A stockbroking firm shall not carry on any other activities than services connected to stocks.	(1) The only activity that a stockbroking firm may carry on shall be services relating to stocks.	entailment
P4325	Sraga mi je stekla po bradi, kanila čez ter pristala na svetli srajci.	Tako sem se potil, da sem zmočil svojo svetlo srajco.	A drop of sweat ran down my chin, dripped over it and landed on my bright shirt.	I was sweating so much that I wet my bright shirt.	entailment
P4332	Prošnji mora biti priložen družinski list in davčna prijava vseh družinskih članov; - šest štipendij v znesku tisoč petsto euro za univerzitetne študente.	Poleg prošnje morate oddati tudi družinski list, potrebna je davčna prijava vseh članov družine; - štipendisti, študenti UNI programov, prejmejo šeskratni znesek v višini 1500 evrov.	The application must be accompanied by a family certificate and the tax registration of all family members; - six scholarships of one thousand five hundred euros for university students.	In addition to the application form, you must submit a family certificate, and tax registration is required for all family members; - Scholarship holders, students of UNI programmes, receive six times the amount of €1500.	entailment
P4346	Centraliziran sistem vključuje starše in druge občane v oblikovanje šolske politike posredno, z decentralizacijo pa se povečuje tudi njihova neposredna participacija.	K posrednemu izoblikovanju šolske politike pripomore uporaba centraliziranega sistema, pri katerem sodelujejo starši in ostali krajani, medtem ko decentraliziran sistem spodbuja njihovo neposredno vključenost.	A centralised system involves parents and other citizens indirectly in school policy-making, but decentralisation increases their direct participation.	The use of a centralised system involving parents and other local residents helps to shape school policy indirectly, while a decentralised system encourages their direct involvement.	entailment
P4389	Večina delničarjev ga je potrdila za predsednika, Janez Pestotnik pa je postal novi predsednik nadzornega sveta Banke Karantanija.	Banka Karantanija je po izboru večine delničarjev dobila novega predsednika nadzornega sveta, in sicer Janeza Pestotnika.	A majority of shareholders approved him as Chairman and Janez Pestotnik became the new Chairman of the Supervisory Board of Banka Karantanija.	Banka Karantanija has a new Chairman of the Supervisory Board, Janez Pestotnik, following the election of the majority of shareholders.	entailment
